{
  "config": {
    "mode": "in-distribution",
    "train_datasets": [
      "reassemble",
      "droid",
      "fractal_rt1"
    ],
    "test_datasets": [
      "reassemble",
      "droid",
      "fractal_rt1"
    ],
    "cache_dir": "results/cnn_cache_spatial",
    "epochs": 30,
    "batch_size": 64,
    "lr": 0.001,
    "weight_decay": 0.001,
    "patience": 6,
    "dropout": 0.35,
    "hidden": 256,
    "loss": "bce",
    "pos_weight": 4.522277355194092,
    "no_pos_weight": false,
    "use_scheduler": true,
    "weighted_sampler": true,
    "kin_noise_std": 0.02,
    "label_smoothing": 0.0,
    "mixup_alpha": 0.0,
    "swa_start_epoch": 8,
    "ipca_components": 64,
    "late_fusion": true,
    "attn_pool": true,
    "cnn_dim": 360,
    "seed": 42,
    "seq_len": 50,
    "stride": 50
  },
  "sequence_counts": {
    "train": 1682,
    "val": 360,
    "test": 363
  },
  "window_counts": {
    "train": 37927,
    "val": 7780,
    "test": 9044
  },
  "train_time_sec": 357.4948101043701,
  "test_metrics_tuned": {
    "accuracy": 0.7272224679345423,
    "auc": 0.6848343652959069,
    "f1": 0.33414304993252364,
    "threshold": 0.8057162761688232,
    "confusion_matrix": [
      [
        5958,
        1623
      ],
      [
        844,
        619
      ]
    ],
    "classification_report": "              precision    recall  f1-score   support\n\n     success       0.88      0.79      0.83      7581\n     failure       0.28      0.42      0.33      1463\n\n    accuracy                           0.73      9044\n   macro avg       0.58      0.60      0.58      9044\nweighted avg       0.78      0.73      0.75      9044\n"
  },
  "test_metrics_at_0.5": {
    "accuracy": 0.46030517470145954,
    "auc": 0.6848343652959069,
    "f1": 0.3365502242761995,
    "confusion_matrix": [
      [
        2925,
        4656
      ],
      [
        225,
        1238
      ]
    ],
    "classification_report": "              precision    recall  f1-score   support\n\n     success       0.93      0.39      0.55      7581\n     failure       0.21      0.85      0.34      1463\n\n    accuracy                           0.46      9044\n   macro avg       0.57      0.62      0.44      9044\nweighted avg       0.81      0.46      0.51      9044\n"
  },
  "per_dataset_test_metrics": {
    "reassemble": {
      "accuracy": 0.09177592371871275,
      "auc": 0.6261533320292123,
      "f1": 0.1570796460176991,
      "threshold": 0.039298687130212784,
      "confusion_matrix": [
        [
          18,
          2286
        ],
        [
          0,
          213
        ]
      ],
      "f1_global_thr": 0.13986013986013987,
      "accuracy_global_thr": 0.8533969010727056
    },
    "droid": {
      "accuracy": 0.3209772535804549,
      "auc": 0.6136859828198298,
      "f1": 0.2682705401724921,
      "threshold": 0.4485722482204437,
      "confusion_matrix": [
        [
          933,
          3152
        ],
        [
          72,
          591
        ]
      ],
      "f1_global_thr": 0.16727272727272727,
      "accuracy_global_thr": 0.7588458298230834
    },
    "fractal_rt1": {
      "accuracy": 0.42945474985947163,
      "auc": 0.563030938796977,
      "f1": 0.5164363982848976,
      "threshold": 0.6639451384544373,
      "confusion_matrix": [
        [
          222,
          970
        ],
        [
          45,
          542
        ]
      ],
      "f1_global_thr": 0.4986849026827985,
      "accuracy_global_thr": 0.46430578976953346
    }
  },
  "history": {
    "train_loss": [
      1.0638648192020688,
      0.799135586901291,
      0.711094732320792,
      0.641625023270781,
      0.5434173578144731,
      0.5033796459084025,
      0.47518330835108014
    ],
    "val_loss": [
      1.4749823661337866,
      1.6291886130195172,
      1.7619215816747946,
      1.9092226987246608,
      2.085561981943787,
      2.2305729860653645,
      2.357763836496189
    ],
    "val_accuracy": [
      0.41799485861182517,
      0.43946015424164525,
      0.4853470437017995,
      0.4787917737789203,
      0.5185089974293059,
      0.5113110539845759,
      0.5368894601542417
    ]
  }
}