{
  "reassemble": {
    "n_sequences": 48,
    "n_sequences_with_constant_label": 4,
    "n_sequences_with_failure": 44,
    "frame_level_failure_rate": 0.09639095812997688,
    "sequence_level_failure_rate": 0.9166666666666666,
    "constant_label_fraction": 0.08333333333333333,
    "seq_length_stats": {
      "n": 48,
      "n_finite": 48,
      "min": 1254.0,
      "p05": 3908.1,
      "p25": 10495.0,
      "median": 15571.5,
      "p75": 18844.25,
      "p95": 25030.3,
      "max": 28610.0,
      "mean": 14598.75,
      "std": 6546.799652311043,
      "histogram_20bin": [
        2,
        1,
        2,
        4,
        2,
        0,
        2,
        0,
        5,
        5,
        4,
        6,
        3,
        6,
        0,
        1,
        2,
        1,
        0,
        2
      ]
    },
    "gripper_state_kin7": {
      "n": 700740,
      "n_finite": 700740,
      "min": 0.0,
      "p05": 0.0,
      "p25": 0.0,
      "median": 0.0,
      "p75": 1.0,
      "p95": 1.0,
      "max": 1.0,
      "mean": 0.4470702400319662,
      "std": 0.49719054748629965,
      "histogram_20bin": [
        387460,
        0,
        0,
        0,
        0,
        0,
        0,
        0,
        0,
        0,
        0,
        0,
        0,
        0,
        0,
        0,
        0,
        0,
        0,
        313280
      ]
    },
    "gripper_vel_kin14": {
      "n": 700740,
      "n_finite": 700740,
      "min": -50.0,
      "p05": 0.0,
      "p25": 0.0,
      "median": 0.0,
      "p75": 0.0,
      "p95": 0.0,
      "max": 50.0,
      "mean": -0.00028541256386106117,
      "std": 2.1750202676151678,
      "histogram_20bin": [
        665,
        0,
        0,
        0,
        0,
        0,
        0,
        0,
        0,
        0,
        699414,
        0,
        0,
        0,
        0,
        0,
        0,
        0,
        0,
        661
      ]
    },
    "cnn_features_summary": {
      "n_frames": 700740,
      "channel_mean_min": -0.06536953012442845,
      "channel_mean_median": 1.7254720113284971,
      "channel_mean_max": 3.3748558025489124,
      "channel_std_min": 0.3162015584267622,
      "channel_std_median": 0.7480943394972766,
      "channel_std_max": 1.5923546303402991,
      "n_dead_channels_std_lt_1e-4": 0,
      "n_saturated_channels_std_gt_50": 0
    }
  },
  "droid": {
    "n_sequences": 1483,
    "n_sequences_with_constant_label": 1483,
    "n_sequences_with_failure": 243,
    "frame_level_failure_rate": 0.1378148310901356,
    "sequence_level_failure_rate": 0.1638570465273095,
    "constant_label_fraction": 1.0,
    "seq_length_stats": {
      "n": 1483,
      "n_finite": 1483,
      "min": 11.0,
      "p05": 317.0,
      "p25": 524.0,
      "median": 764.0,
      "p75": 1201.0,
      "p95": 2479.7,
      "max": 6391.0,
      "mean": 991.2838840188806,
      "std": 747.8733100279823,
      "histogram_20bin": [
        89,
        479,
        385,
        210,
        112,
        66,
        37,
        37,
        20,
        15,
        10,
        5,
        4,
        5,
        4,
        1,
        2,
        1,
        0,
        1
      ]
    },
    "gripper_state_kin7": {
      "n": 1470074,
      "n_finite": 1470074,
      "min": 0.0,
      "p05": 0.0,
      "p25": 0.0,
      "median": 0.0,
      "p75": 1.0,
      "p95": 1.0,
      "max": 1.0,
      "mean": 0.4050050487745574,
      "std": 0.49065879296988313,
      "histogram_20bin": [
        874055,
        35,
        29,
        34,
        39,
        60,
        69,
        47,
        60,
        52,
        43,
        50,
        37,
        37,
        124,
        569,
        214,
        508,
        17,
        593995
      ]
    },
    "gripper_vel_kin14": {
      "n": 1470074,
      "n_finite": 1470074,
      "min": -50.0,
      "p05": 0.0,
      "p25": 0.0,
      "median": 0.0,
      "p75": 0.0,
      "p95": 0.0,
      "max": 50.0,
      "mean": 0.003979391511759398,
      "std": 2.6088113475749943,
      "histogram_20bin": [
        1942,
        0,
        0,
        0,
        0,
        0,
        0,
        0,
        0,
        157,
        1465915,
        1,
        0,
        0,
        0,
        0,
        0,
        0,
        0,
        2059
      ]
    },
    "cnn_features_summary": {
      "n_frames": 1470074,
      "channel_mean_min": 0.10318703328327303,
      "channel_mean_median": 1.8269843925568965,
      "channel_mean_max": 3.8959935255623774,
      "channel_std_min": 0.4593067416555276,
      "channel_std_median": 0.8153044799152964,
      "channel_std_max": 2.3113406262369423,
      "n_dead_channels_std_lt_1e-4": 0,
      "n_saturated_channels_std_gt_50": 0
    }
  },
  "fractal_rt1": {
    "n_sequences": 874,
    "n_sequences_with_constant_label": 874,
    "n_sequences_with_failure": 320,
    "frame_level_failure_rate": 0.35440634640242663,
    "sequence_level_failure_rate": 0.36613272311212813,
    "constant_label_fraction": 1.0,
    "seq_length_stats": {
      "n": 874,
      "n_finite": 874,
      "min": 17.0,
      "p05": 317.0,
      "p25": 467.0,
      "median": 634.0,
      "p75": 851.0,
      "p95": 1267.0,
      "max": 8834.0,
      "mean": 709.8924485125858,
      "std": 441.99328495753383,
      "histogram_20bin": [
        202,
        480,
        161,
        20,
        7,
        2,
        0,
        0,
        0,
        0,
        0,
        1,
        0,
        0,
        0,
        0,
        0,
        0,
        0,
        1
      ]
    },
    "gripper_state_kin7": {
      "n": 620446,
      "n_finite": 620446,
      "min": 0.0,
      "p05": 0.0,
      "p25": 0.0,
      "median": 0.0,
      "p75": 1.0,
      "p95": 1.0,
      "max": 1.0,
      "mean": 0.42200288179793244,
      "std": 0.49387898269937813,
      "histogram_20bin": [
        358616,
        0,
        0,
        0,
        0,
        0,
        0,
        0,
        0,
        0,
        0,
        0,
        0,
        0,
        0,
        0,
        0,
        0,
        0,
        261830
      ]
    },
    "gripper_vel_kin14": {
      "n": 620446,
      "n_finite": 620446,
      "min": -50.0,
      "p05": 0.0,
      "p25": 0.0,
      "median": 0.0,
      "p75": 0.0,
      "p95": 0.0,
      "max": 50.0,
      "mean": 0.020307972007233506,
      "std": 2.6720053639554413,
      "histogram_20bin": [
        760,
        0,
        0,
        0,
        0,
        0,
        0,
        0,
        0,
        0,
        618674,
        0,
        0,
        0,
        0,
        0,
        0,
        0,
        0,
        1012
      ]
    },
    "cnn_features_summary": {
      "n_frames": 620446,
      "channel_mean_min": 0.09832369946136331,
      "channel_mean_median": 1.7171351568267648,
      "channel_mean_max": 3.1478681321687816,
      "channel_std_min": 0.49386216154246526,
      "channel_std_median": 0.7500943057229887,
      "channel_std_max": 1.5093738005031934,
      "n_dead_channels_std_lt_1e-4": 0,
      "n_saturated_channels_std_gt_50": 0
    }
  }
}